Strain ID,Strain descriptor,ddpheno ID,Phenotype term,Notes,Assay ID,Assay term,Envirionment ID,Environment term,Reference),Deleted,Assigned By,,,
DBS0235460,dagA-,DDPHENO:0000791,abolished adenylate cyclase activator activity,even after 6 hrs cAMP pulsing no adenylate cyclase activity in the CRAC mutant,,,DDENVIR:0000016,during cAMP stimulation,8089184,,pfey@northwestern.edu,,,
DBS0235559,dagA-,DDPHENO:0000775,decreased G protein-coupled chemorepellent receptor signaling pathway,dagA- cells do not chemorepulse from a source of AprA as do wt cells,,,,,30462573,,pfey@northwestern.edu,,,
DBS0235588,chcA-/[act15]:GFP:mhcA,DDPHENO:0000797,abolished protein localization to mitotic actomyosin contractile ring,GFP-myosin does not localize to contractile ring during cytokinesis,DDASSAY:0000008,immunofluorescence microscopy,,,9238018,,pfey@northwestern.edu,,,
DBS0235588,chcA-/[act15]:GFP:mhcA,DDPHENO:0000149,aberrant cytokinesis,Cells have multiple nuclei in suspension medium,,,DDENVIR:0000002,in suspension,9238018,,pfey@northwestern.edu,,,
DBS0235599,ctxA-/ctxB-,DDPHENO:0001510,increased protein localization to cell cortex,"increased basal rapgap1 activity  fails to activate Rapgap1 upon stimulus as in this mutant the protein is always located at cell cortex in vegetative cells and  chemotaxing cells, not just transiently after cAMP signal",,,DDENVIR:0000016,during cAMP stimulation,18039932,,pfey@northwestern.edu,,,
DBS0235599,ctxA-/ctxB-,DDPHENO:0000741,aberrant protein kinase B signaling,"target gene/protein: pkbA
extended duration of PKB activation but no increase in PKB activation level",,,,,20375144,,pfey@northwestern.edu,,,
DBS0235916,dnmA-,DDPHENO:0000783,decreased DNA (cytosine-5-)-methyltransferase activity,,,,,,16400165,,pfey@northwestern.edu,,,
DBS0235917,dnmA-,DDPHENO:0000783,decreased DNA (cytosine-5-)-methyltransferase activity,,,,,,16282589,,pfey@northwestern.edu,,,
DBS0235945,egeA-,DDPHENO:0000790,decreased adenylate cyclase activator activity,since carA is not well expressed this is nearly rescued by carA expression,,,,,12142016,,pfey@northwestern.edu,,,
DBS0235984,gpaD-,DDPHENO:0000792,aberrant protein kinase regulator activity,"in gpaD- cells, abolished phosphorylation at pPR motif of core set of proteins involved in chemotaxis",,,,,30612939,,pfey@northwestern.edu,,,
DBS0235984,gpaD-,DDPHENO:0000817,decreased regulation of MAPK cascade,"in gpaD- nulls stimulated with folate, decreased activation of Erk2",,,DDENVIR:0000049,during folate stimulation,9295311,,pfey@northwestern.edu,,,
DBS0235984,gpaD-,DDPHENO:0000817,decreased regulation of MAPK cascade,target gene/protein: ERK2,,,,,19176583,,pfey@northwestern.edu,,,
DBS0235986,gpaC-,DDPHENO:0000789,aberrant adenylate cyclase activator activity,basal adenylate cyclase activity is very low in the mutant but when stimulated with cAMP pulses activity is much higher than in the parent strain,,,,,9307965,,pfey@northwestern.edu,,,
DBS0235992,pdeD-/pdeE-,DDPHENO:0000793,increased  protein kinase regulator activity,"target gene/protein: mlkA
MLCK-A phosphorylation (activation) after stimulation with cAMP slightly elevated and sustained",,,DDENVIR:0000016,during cAMP stimulation,16546177,,pfey@northwestern.edu,,,
DBS0235994,gbpC-,DDPHENO:0000794,decreased protein kinase regulator activity,"target gene/protein: mlkA
MLCK-A phosphorylation (activation) after stimulation with cAMP strongly reduced",,,DDENVIR:0000016,during cAMP stimulation,16546177,,pfey@northwestern.edu,,,
DBS0236000,gca-/sgcA-,DDPHENO:0000794,decreased protein kinase regulator activity,"target gene/protein: mlkA
MLCK-A phosphorylation (activation) after stimulation with cAMP slightly reduced",,,DDENVIR:0000016,during cAMP stimulation,16546177,,pfey@northwestern.edu,,,
DBS0236014,gefR-,DDPHENO:0000762,decreased Ras protein signal transduction,"in gefR- cells, decreased activation of rasG",,,DDENVIR:0000016,during cAMP stimulation,17380187,,pfey@northwestern.edu,,,
DBS0236078,glpD-,DDPHENO:0000471,aberrant protein localization,"in glpD- cells, glpV protein expression is equally in prestalk (normal expression as in prespore cells (normally glpD expression) and thus glpV activity continues into late development, compared with wt",,,DDENVIR:0000040,during development,8026640,,pfey@northwestern.edu,,,
DBS0236078,glpD-,DDPHENO:0000748,aberrant  catalytic activity,"in glpD- cells, glpV activity continues into late development, compared with wt in which it is found predominately in early development",,,,,8026640,,pfey@northwestern.edu,,,
DBS0236094,gpaB-,DDPHENO:0000762,decreased Ras protein signal transduction,"in gpaB null cells, decreased Ras activation",,,,,1670774,,pfey@northwestern.edu,,,
DBS0236094,gpaB-,DDPHENO:0000791,abolished adenylate cyclase activator activity,nearly no cAMP production in mutant,,,,,1670774,,pfey@northwestern.edu,,,
DBS0236107,gpaH-,DDPHENO:0000150,abolished chemorepellant activity,"Galpha8 G-protein, gpaH null mutant does not chemorepulse in the presence of AprA, in comparison to wild type",,,,,30462573,,pfey@northwestern.edu,,,
DBS0236109,gpaI-,DDPHENO:0000789,aberrant adenylate cyclase activator activity,"in gpaI- cells, ACA is activated with same initial kinetics as wt, but adaptation of ACA is delayed and slower",,,,,15059962,,pfey@northwestern.edu,,,
DBS0236114,gskA-,DDPHENO:0000347,abolished protein kinase activity,"n gskA- cells, abolished phosphorylation of PdeD, dynacortin, and SogA",,,DDENVIR:0000016,during cAMP stimulation,29626371,,pfey@northwestern.edu,,,
DBS0236114,gskA-,DDPHENO:0000741,aberrant protein kinase B signaling,"in gskA- cells, no phosphorylation of PKBA or PkgB; PKBA, but not PkgB, phorphorylation restored by ImpA overexpression",,,,,20534815,,pfey@northwestern.edu,,,
DBS0236120,gxcA-,DDPHENO:0000832,decreased Rac protein signal transduction,racB activation is decreased in gxcA- cells,,,DDENVIR:0000016,during cAMP stimulation,15470506,,pfey@northwestern.edu,,,
DBS0236260,iplA-,DDPHENO:0000777,abolished G protein-coupled chemorepellent receptor signaling pathway,"iplA null mutant cells do not chemorepulse in the presence of AprA, in comparison to wild type",,,,,30462573,,pfey@northwestern.edu,,,
DBS0236379,mhcA-,DDPHENO:0000761,aberrant Ras protein signal transduction,Ras-GTP levels remain high for an extended period of time compared with wt,,,,,20375144,,pfey@northwestern.edu,,,
DBS0236379,mhcA-,DDPHENO:0000792,aberrant protein kinase regulator activity,extended PI3K activation; elevated and extended PkbA and PkgB activation compared with wt cells,,,,,20375144,,pfey@northwestern.edu,,,
DBS0236389,piaA(G917D),DDPHENO:0000790,decreased adenylate cyclase activator activity,"dominant negative mutamt, the point mutated piaA competes with the resident piaA",,,,,12413895,,pfey@northwestern.edu,,,
DBS0236389,piaA(G917D),DDPHENO:0000789,aberrant extracellular cAMP signaling pathway,no GPCR-linked ACA stimulation that causes a sharp cAMP increase compared to wild type,,,DDENVIR:0000016,during cAMP stimulation,28049717,,pfey@northwestern.edu,,,
DBS0236390,pkaR(A31T),DDPHENO:0000740,abolished regulation of MAPK cascade,absence of Erk2 activation compared with activation in wt cells,,,,,8670837,,pfey@northwestern.edu,,,
DBS0236417,phyA-,DDPHENO:0001322,abolished peptidyl-proline 4-dioxygenase activity,in phyA null mutant no hydroxylase activity on Skp1,,,,,15705570,,pfey@northwestern.edu,,,
DBS0236431,rasC-/AX2,DDPHENO:0000742,decreased protein kinase B signaling,target gene/protein: pkbA; rescued by rasG expression,,,,,16822579,,pfey@northwestern.edu,,,
DBS0236464,carA-,DDPHENO:0000757,abolished STAT signaling pathway,abolished phosphorylation of STATa,,,,,9670017,,pfey@northwestern.edu,,,
DBS0236464,carA-,DDPHENO:0000835,aberrant small GTPase mediated signal transduction,carA- cells fail to respond to a cAMP stimulus by increasing Rap1 and RasG activity as in wt; rescued by cAR1 expression,,,DDENVIR:0000016,during cAMP stimulation,28302905,,pfey@northwestern.edu,,,
DBS0236464,carA-,DDPHENO:0000820,decreased TORC2 signaling,"in carA- cells, cAMP stimulation produces minimal TORC2 activation compared with wt cells; rescued by cAR1 expression",,,DDENVIR:0000016,during cAMP stimulation,28302905,,pfey@northwestern.edu,,,
DBS0236515,lis1(D327H),DDPHENO:0001056,decreased actin filament polymerization,,,,,,15800059,,pfey@northwestern.edu,,,
DBS0236517,lis8-,DDPHENO:0000775,decreased G protein-coupled chemorepellent receptor signaling pathway,"lst8 null mutant cells do not chemorepulse in the presence of AprA, in comparison to wild type",,,,,30462573,,pfey@northwestern.edu,,,
DBS0236517,lst8-,DDPHENO:0000790,decreased adenylate cyclase activator activity,"strongly decreased ACA activity, rescued with addition of wild-type cytosol",,,,,16079174,,pfey@northwestern.edu,,,
DBS0236527,gpbA-/[act15]:carA,DDPHENO:0000794,decreased regulation of MAPK cascade,approx. 30% reduction in Erk2 response compared with wt cells,,,,,8670837,,pfey@northwestern.edu,,,
DBS0236531,gpbA-,DDPHENO:0000817,decreased regulation of MAPK cascade,"in gpbA- cells stimulated with lipopolysaccharide, decreased ErkB activation compared with wt cells",,,,,29799847,,pfey@northwestern.edu,,,
DBS0236531,gpbA-,DDPHENO:0000794,decreased protein kinase regulator activity,"in gbpA- cells, reduced activation of PI3K compared to wt",,,,,12802064,,pfey@northwestern.edu,,,
DBS0236531,gpbA-,DDPHENO:0000817,decreased regulation of MAPK cascade,"in gpbA- nulls stimulated with folate, decreased activation of Erk2",,,DDENVIR:0000049,during folate stimulation,9295311,,pfey@northwestern.edu,,,
DBS0236531,gpbA-,DDPHENO:0000828,decreased Ras protein signal transduction,decreased regulation of Ras activity,,,,,17635933,,pfey@northwestern.edu,,,
DBS0236531,gpbA-,DDPHENO:0000791,abolished adenylate cyclase activator activity,the Gbeta null mutant could still accomplish some but no ACA activation especially  in presence of G protein activator GTPgammaS,,,DDENVIR:0000016,during cAMP stimulation,9763454,,pfey@northwestern.edu,,,
DBS0236570,mybB-,DDPHENO:0000790,decreased adenylate cyclase activator activity,"very low adenylate cyclase activity, partially rescued by adding cAMP pulses",,,,,9620859,,pfey@northwestern.edu,,,
DBS0236575,gpaB-,DDPHENO:0000830,abolished Rap protein signal transduction,rapA activation is dependent on GPCR and not activated in the Galpha2 null mutant,,,,,21103944,,pfey@northwestern.edu,,,
DBS0236575,gpaB-,DDPHENO:0000794,decreased protein kinase regulator activity,"in gpaB- cells, reduced activation of PI3K compared to wt",,,,,12802064,,pfey@northwestern.edu,,,
DBS0236604,nhe1-,DDPHENO:0000461,decreased regulation of intracellular pH,pH homeostasis is incorrect in the nhe1 mutany with different cellular consequences such as cell polarization or actin polymerization among others,,,,,15851518,,pfey@northwestern.edu,,,
DBS0236762,phlp1-,DDPHENO:0000808,abolished heterotrimeric G-protein complex assembly ,G beta and gamma units are not assembling into complex and are not in cell membrane without phlp1,,,,,16135826,,pfey@northwestern.edu,,,
DBS0236766,pikA-/pikB,DDPHENO:0000832,decreased Rac protein signal transduction,signficant reduction in 2nd peak of racB activation,,,DDENVIR:0000016,during cAMP stimulation,15470506,,pfey@northwestern.edu,,,
DBS0236766,pikA-/pikB,DDPHENO:0000795,abolished protein kinase regulator activity,"in pikA-/pikB- cells, abolished activation of protein kinase PAKA in response to cAMP stimulation",,,DDENVIR:0000016,during cAMP stimulation,11389841,,pfey@northwestern.edu,,,
DBS0236767,piaA-,DDPHENO:0000790,decreased adenylate cyclase activator activity,strongly reduced adenylate cyclase activity in piaA- cells also no response to GTPGammaS,,,,,9389653,,pfey@northwestern.edu,,,
DBS0236773,pikA-/pikB,DDPHENO:0000789,aberrant adenylate cyclase activator activity,In the double pikA/pikB knockout the adaptation of the chemoattractant receptor-mediated ACA activation response is impaired and does not come down,,,DDENVIR:0000016,during cAMP stimulation,16267269,,pfey@northwestern.edu,,,
DBS0236783,pkaC-,DDPHENO:0000763,increased Ras protein signal transduction,"in pkaC- cells, increase in both basal and cAMP-phosphorylation of DG1105 (ScaA)",,,,,20493808,,pfey@northwestern.edu,,,
DBS0236783,pkaC-,DDPHENO:0000775,decreased G protein-coupled chemorepellent receptor signaling pathway,pkaC- cells do not chemorepulse from a source of AprA as do wt cells,,,,,30462573,,pfey@northwestern.edu,,,
DBS0236783,pkaC-,DDPHENO:0000743,increased protein kinase B signaling,"in cAMP-stimulated pkaC- cells, elevated and extended PKBR1, PKB, and TORC2 kinase activities",,,DDENVIR:0000016,during cAMP stimulation,28302905,,pfey@northwestern.edu,,,
DBS0236783,pkaC-,DDPHENO:0000762,decreased Ras protein signal transduction,"in cAMP stimulated pkaC- cells, decreased RasC activation",,,DDENVIR:0000016,during cAMP stimulation,28302905,,pfey@northwestern.edu,,,
DBS0236783,pkaC-,DDPHENO:0000739,aberrant regulation of MAPK cascade,"in pkaC null cells, lower level but more extended time of ERK2 activation",,,,,28302905,,pfey@northwestern.edu,,,
DBS0236783,pkaC-,DDPHENO:0000763,increased Ras protein signal transduction,"in cAMP stimulated pkaC- cells, increased RasG and Rap1 activation",,,DDENVIR:0000016,during cAMP stimulation,28302905,,pfey@northwestern.edu,,,
DBS0236784,pkbA-,DDPHENO:0000762,decreased Ras protein signal transduction,"in pkbA- cells, decreased cAMP-phosphorylation of DG1105 (ScaA)",,,,,20493808,,pfey@northwestern.edu,,,
DBS0236784,pkbA-,DDPHENO:0000795,abolished protein kinase regulator activity,"in pkbA- cells, abolished activation of protein kinase PAKA in response to cAMP stimulation",,,DDENVIR:0000016,during cAMP stimulation,11389841,,pfey@northwestern.edu,,,
DBS0236785,pkbA-/pkgB-,DDPHENO:0000763,increased Ras protein signal transduction,"in pkbA-/pkgB- cells, increase in both basal and cAMP-induced RasC activity",,,,,20493808,,pfey@northwestern.edu,,,
DBS0236785,pkbA-/pkgB-,DDPHENO:0000818,inreased regulation of MAPK cascade,"in pkbA-/pkgB- cells stimulated with 150 microM polyphosphate, increased erkA phosphorylation",,,DDENVIR:0000080,in the presence of extracellular  polyphosphate,28584190,,pfey@northwestern.edu,,,
DBS0236785,pkbA-/pkgB- ,DDPHENO:0000764,abolished Ras protein signal transduction,"in pkgB-/pkbA- cells, abolished cAMP-phosphorylation of DG1105 (ScaA)",,,,,20493808,,pfey@northwestern.edu,,,
DBS0236786,pkgB-,DDPHENO:0000762,decreased Ras protein signal transduction,"n pkgB- cells, decreased cAMP-phosphorylation of DG1105 (ScaA)",,,,,20493808,,pfey@northwestern.edu,,,
DBS0236830,pten-,DDPHENO:0000777,abolished G protein-coupled chemorepellent receptor signaling pathway,pten- cells do not chemorepulse from a source of AprA as do wt cells,,,,,30462573,,pfey@northwestern.edu,,,
DBS0236830,pten-,DDPHENO:0000762,decreased Ras protein signal transduction,decreased regulation of Ras signaling,,,,,15534002,,pfey@northwestern.edu,,,
DBS0236851,[AS]rapA,DDPHENO:0001481,aberrant actin cytoskeleton organization,rapA-antisense mutant,,,,,10906762,,pfey@northwestern.edu,,,
DBS0236853,rasC-/AX2,DDPHENO:0000742,decreased protein kinase B signaling,target gene/protein: pkbA,,,,,16885420,,pfey@northwestern.edu,,,
DBS0236853,rasC-/AX2,DDPHENO:0000791,abolished protein kinase regulator activity,"in rasC- cells stimulated with 150 microM polyphosphate, abolished phosphorylation of PkgB",,,DDENVIR:0000080,in the presence of extracellular polyphosphate,28584190,,pfey@northwestern.edu,,,
DBS0236854,rasC-/JH10,DDPHENO:0000742,decreased protein kinase B signaling,target gene/protein: pkbA,,,,,16885420,,pfey@northwestern.edu,,,
DBS0236856,rasC-/pikD1,DDPHENO:0000742,decreased protein kinase B signaling,"in rasC-/pikD1 mutants; pikD still has transcript but is disrupted, functions as suppressor of rasC- mutation; reduced PKB phosphorylation",,,,,16023096,,pfey@northwestern.edu,,,
DBS0236858,rasC-/rasG-,DDPHENO:0000775,decreased G protein-coupled chemorepellent receptor signaling pathway,rasC-/rasG- cells do not chemorepulse from a source of AprA as do wt cells,,,,,15534002,,pfey@northwestern.edu,,,
DBS0236858,rasC-/rasG-,DDPHENO:0000742,decreased protein kinase B signaling,target gene/protein: pkbA,,,,,16885420,,pfey@northwestern.edu,,,
DBS0236858,rasC-/rasG-,DDPHENO:0000790,decreased adenylate cyclase activator activity,rasC-/rasG- double null mutant does not produce cAMP in response to cAMP pulses and has nearly no adenylate cyclase  basal activity and very low activity with GTPGammaS,,,,,16885420,,pfey@northwestern.edu,,,
DBS0236859,[unk]:rasD(G12T),DDPHENO:0000818,increased regulation of MAPK cascade,"in cells overexpressing rasD(G12T), Erk2 activity is elevated prior to cAMP stimulation",,,,,8670837,,pfey@northwestern.edu,,,
DBS0236862,rasC-/AX2,DDPHENO:0000742,decreased protein kinase B signaling,target gene/protein: pkbA,,,,,16885420,,pfey@northwestern.edu,,,
DBS0236863,rasG-/JH10,DDPHENO:0000830,abolished Rap protein signal transduction,target gene/protein: rapA,,,,,18180289,,pfey@northwestern.edu,,,
DBS0236863,rasG-/JH10,DDPHENO:0000742,decreased protein kinase B signaling,taget gene/protein: pkbA,,,,,16885420,,pfey@northwestern.edu,,,
DBS0236869,gefD-,DDPHENO:0000761,aberrant Ras protein signal transduction,"in gefD- cells, confinement of Ras activation to membrane region at source of cAMP stimulus is abolished",,,DDENVIR:0000016,during cAMP stimulation,23886948,,pfey@northwestern.edu,,,
DBS0236870,gefE-,DDPHENO:0000761,aberrant Ras protein signal transduction,"n gefE- cells, confinement of Ras activation to membrane region at source of cAMP stimulus is abolished",,,DDENVIR:0000016,during cAMP stimulation,23886948,,pfey@northwestern.edu,,,
DBS0236887,recA-,DDPHENO:0000427,decreased cellular DNA damage response,"the recA mutant is sensitive to several DNA damaging agents including mitomycin C, H2O2 or UV",,,,,15084313,,pfey@northwestern.edu,,,
DBS0236893,rgaA-,DDPHENO:0000817,decreased regulation of MAPK cascade,"n rgaA null cells, reduced activation of ERK2 compared with wt",,,,,9020088,,pfey@northwestern.edu,,,
DBS0236896,gefA-,DDPHENO:0000762,decreased Ras protein signal transduction,"in gefA- cells, the level of Ras activation is significantly reduced compared with wt cells",,,,,15534002,,pfey@northwestern.edu,,,
DBS0236896,gefA-,DDPHENO:0000818,increased regulation of MAPK cascade,"in gefA null cells, higher level of ERK2 activity with more rapid and extended ERK2 activation",,,,,9020088,,pfey@northwestern.edu,,,
DBS0236896,gefA-,DDPHENO:0000791,abolished adenylate cyclase activator activity,"in gefA- mutants cAMP stimulated ACA activation did not much happen; also in gefA- lysate, wt and dagA overxpressing cells did not have much ACA activity showing that gefA is not dependent on CRAC",,,,,8793298,,pfey@northwestern.edu,,,
DBS0236897,carA-/carC-,DDPHENO:0000830,abolished Rap protein signal transduction,rapA activation is dependent on GPCR and not activated in the double car mutant,,,,,21103944,,pfey@northwestern.edu,,,
DBS0236900,ripA-,DDPHENO:0000741,aberrant protein kinase B signaling,"in ripA- cells in response to both cAMP and folate, increased phosphorylation (activation) of akt (pkbA); decreased phosphorylation (activation) of PKBR1 (pkgB)	",,,,,20200230,,pfey@northwestern.edu,,,
DBS0236900,ripA-,DDPHENO:0000790,decreased adenylate cyclase activator activity,adenylate cyclase activity especialy with GTPGammaS is strongly decreased in ripA- mutant,,,,,10473630,,pfey@northwestern.edu,,,
DBS0236926,scrA-,DDPHENO:0000761,aberrant Ras protein signal transduction,"in scrA- cells, abolished Ras activation at the cell cortex",,,,,30462573,,pfey@northwestern.edu,,,
DBS0236928,set1-,DDPHENO:0000730,abolished histone H3K4 methyltransferase activity,,,,,,16469305,,pfey@northwestern.edu,,,
DBS0237090,yakA-,DDPHENO:0000794,decreased protein kinase regulator activity,"in yakA- cells, reduced activation of PI3K compared to wt",,,,,12802064,,pfey@northwestern.edu,,,
DBS0237137,gpaB-/[act15]:gpaB(D154V),DDPHENO:0000790,decreased adenylate cyclase activator activity,strongly reduced adenylate cyclase activity,,,,,15715993,,pfey@northwestern.edu,,,
DBS0237137,gpaB-/[act15]:gpaB(D154V),DDPHENO:0001305,abolished cGMP-mediated signaling,guanylyl cyclase activity in this mutant is zero,,,,,15715993,,pfey@northwestern.edu,,,
DBS0237138,gpaB-/[act15]:gpaB(E190G),DDPHENO:0000790,decreased adenylate cyclase activator activity,moderately reduced adenylate cyclase activity,,,,,15715993,,pfey@northwestern.edu,,,
DBS0237138,gpaB-/[act15]:gpaB(E190G),DDPHENO:0001305,abolished cGMP-mediated signaling,guanylyl cyclase activity in this mutant is zero,,,,,15715993,,pfey@northwestern.edu,,,
DBS0237139,gpaB-/[act15]:gpaB(I104S),DDPHENO:0000790,decreased adenylate cyclase activator activity,moderately reduced adenylate cyclase activity,,,,,15715993,,pfey@northwestern.edu,,,
DBS0237140,gpaB-/[act15]:gpaB(L110S),DDPHENO:0000790,decreased adenylate cyclase activator activity,strongly reduced adenylate cyclase activity,,,,,15715993,,pfey@northwestern.edu,,,
DBS0237142,gpaB-/[act15]:gpaB(N74D),DDPHENO:0000790,decreased adenylate cyclase activator activity,strongly reduced adenylate cyclase activity,,,,,15715993,,pfey@northwestern.edu,,,
DBS0237148,[act15]:gpaI(Q196L):FLAG,DDPHENO:0000789,aberrant adenylate cyclase activator activity,"in constitutively active gpaI cells, ACA is activated with same initial kinetics as wt, but ACA activity adapts 2 to 3X more rapidly compared with wt",,,,,15059962,,pfey@northwestern.edu,,,
DBS0237189,[act15]:pkaR(G135E/G261A),DDPHENO:0000740,abolished regulation of MAPK cascade,decreased tyrosine phosphorylation of ErkB,,,,,9164876,,pfey@northwestern.edu,,,
"DBS0237248	",[dscB]:rasG(G12T),DDPHENO:0000817,decreased regulation of MAPK cascade,decreased erkB activation in constitutively activated RasG cells; with either cAMP or folic acid stimulation,,,DDENVIR:0000016,during cAMP stimulation,9551080,,pfey@northwestern.edu,,,
DBS0237316,[tet]:GFP(S65T):racG(G12V),DDPHENO:0000832,decreased Rac protein signal tranduction,constitutely active expression of racG (G12V) leads to not activating Rac1 compared to wt and even null mutant,,,DDENVIR:0000016,during cAMP stimulation,16950926,,pfey@northwestern.edu,,,
DBS0237318,[tet]:pten,DDPHENO:0000742,decreased protein kinase B signaling,target gene/protein: pkbA,,,,,12062104,,pfey@northwestern.edu,,,
DBS0237636,gefM-,DDPHENO:0000790,decreased adenylate cyclase activator activity,"adenylate cyclase activity is stronly reduced, cyclic cAMP pulses partially rescues the mutant",,,,,16336640,,pfey@northwestern.edu,,,
DBS0238068,plaA-,DDPHENO:0000775,decreased G protein-coupled chemorepellent receptor signaling pathway,"plaA null mutant does not chemorepulse in the presence of AprA, in comparison to wild type",,,,,30462573,,pfey@northwestern.edu,,,
DBS0238396,[act15]:myc:rapA(G12V),DDPHENO:0000743,increased protein kinase B signaling,"in RapA OE cells, increased PKBR1 phosphorylation",,,,,27172998,,pfey@northwestern.edu,,,
DBS0238720,krsA-,DDPHENO:0000790,decreased adenylate cyclase activator activity,basal and GTPGammaS stimulated mutant cells have strongly reduced ACA activity,DDASSAY:0000003,biochemical assay,DDENVIR:0000026,during starvation,17362909,,pfey@northwestern.edu,,,
DBS0252578,acaA-,DDPHENO:0000743,increased protein kinase B signaling,"in cAMP-stimulated acaA- cells, elevated and extended PKBR1, PKB, and TORC2 kinase activities",,,DDENVIR:0000016,during cAMP stimulation,28302905,,pfey@northwestern.edu,,,
DBS0252652,pikA-/pikB-/pikC-/pikF-/pikG-,DDPHENO:0000742,decreased protein kinase B signaling,PkbA is not phosphorylated upon cAMP stimulus in pik1-5 quintuple knock out mutant,,,DDENVIR:0000016,during cAMP stimulation,18635356,,pfey@northwestern.edu,,,
DBS0252702,icmA-/[act15]:TAP:YFP:rasG,DDPHENO:0000746,abolished prenylcysteine carboxyl methyltransferase activity,,DDASSAY:0000003,biochemical assay,,,17699599,,pfey@northwestern.edu,,,
DBS0252732,[act15]:carA(I104C),DDPHENO:0000817,decreased regulation of MAPK cascade,target gene/protein: ERK2,,,,,17630977,,pfey@northwestern.edu,,,
DBS0252734,act15]:carA(I104P),DDPHENO:0000817,decreased regulation of MAPK cascade,target gene/protein: ERK2,,,,,17630977,,pfey@northwestern.edu,,,
DBS0252738,[act15]:carA(I104G),DDPHENO:0000817,decreased regulation of MAPK cascade,target gene/protein: ERK2,,,,,17630977,,pfey@northwestern.edu,,,
DBS0252740,[act15]:carA(I104D),DDPHENO:0000817,decreased regulation of MAPK cascade,target gene/protein: ERK2,,,,,17630977,,pfey@northwestern.edu,,,
DBS0252741,[act15]:carA(I104F),DDPHENO:0000817,decreased regulation of MAPK cascade,target gene/protein: ERK2,,,,,17630977,,pfey@northwestern.edu,,,
DBS0252743,[act15]:carA(I104S),DDPHENO:0000817,decreased regulation of MAPK cascade,target gene/protein: ERK2,,,,,17630977,,pfey@northwestern.edu,,,
DBS0252745,[act15]:carA(I104Q),DDPHENO:0000817,decreased regulation of MAPK cascade,target gene/protein: ERK2,,,,,17630977,,pfey@northwestern.edu,,,
DBS0252746,[act15]:carA(I104N),DDPHENO:0000817,decreased regulation of MAPK cascade,target gene/protein: ERK2,,,,,17630977,,pfey@northwestern.edu,,,
DBS0252747,[act15]:carA(I104H),DDPHENO:0000817,decreased regulation of MAPK cascade,target gene/protein: ERK2,,,,,17630977,,pfey@northwestern.edu,,,
DBS0252748,[act15]:carA(I104Y),DDPHENO:0000817,decreased regulation of MAPK cascade,target gene/protein: ERK2,,,,,17630977,,pfey@northwestern.edu,,,
DBS0252749,[act15]:carA(I104K),DDPHENO:0000817,decreased regulation of MAPK cascade,target gene/protein: ERK2,,,,,17630977,,pfey@northwestern.edu,,,
DBS0252750,[act15]:carA(I104R),DDPHENO:0000817,decreased regulation of MAPK cascade,target gene/protein: ERK2,,,,,17630977,,pfey@northwestern.edu,,,
DBS0266655,atg1/iplA-,DDPHENO:0001439,decreased programmed necrotic cell death,partial and variable inhibition of necrotic cell death,,,,,18077554,,pfey@northwestern.edu,,,
DBS0266655,atg1/iplA-,DDPHENO:0001439,decreased programmed necrotic cell death,,,,,,18077554,,pfey@northwestern.edu,,,
DBS0266692,Dd5P4-,DDPHENO:0000743,increased protein kinase B signaling,"in Dd5P4- cells, increased PKBR1 phosphorylation",,,,,30194235,,pfey@northwestern.edu,,,
DBS0266692,Dd5P4-,DDPHENO:0000763,increased Ras protein signal transduction,"in Dd5P4- cells, relative extent of Ras activation is 0.32 vs. 0.11 in wt",,,,,30322942,,pfey@northwestern.edu,,,
DBS0266697,rasC-/rasG-/[act15]:carA,DDPHENO:0000830,abolished Rap protein signal transduction,target gene/protein: rapA,,,,,18180289,,pfey@northwestern.edu,,,
DBS0266697,rasC-/rasG-/[act15]:carA,DDPHENO:0000790,decreased adenylate cyclase activator activity,"basal ACA level is normal (unlike the rasC-/rasG- double mutant, which has reduced ACA activity), but activation of ACA is reduced",,,,,18180289,,pfey@northwestern.edu,,,
DBS0266697,rasC-/rasG-/[act15]:carA,DDPHENO:0000742,decreased protein kinase B signaling,target gene/protein: pkbA,,,,,18180289,,pfey@northwestern.edu,,,
DBS0266697,rasC-/rasG-/[act15]:carA,DDPHENO:0000790,decreased adenylate cyclase activator activity,"basal adenylate cyclase level is normal (unlike the rasC-/rasG- double mutant, which has strongly reduced  activity), but activation of adenylate cyclase  here is reduced",,,,,18180289,,pfey@northwestern.edu,,,
DBS0266770,phyA-/[ecmA]:phyA(R276A):myc,DDPHENO:0001322,abolished peptidyl-proline 4-dioxygenase activity,does not properly form spores at the general time and not at reduced oxygen like wild type,,,,,17699611,,pfey@northwestern.edu,,,
DBS0266771,phyA-/[ecmA]:phyA(D132N):myc,DDPHENO:0001320,decreased peptidyl-proline 4-dioxygenase activity,the partial P4H1 activity is sufficient for proper culmination.,,,,,17699611,,pfey@northwestern.edu,,,
DBS0266838,[act15]:myc:ptpC(C649S),DDPHENO:0000753,decreased protein tyrosine phosphatase activity,tyrosine phosphorylation of STATc is increased in the dominant negative mutant of PTP3,,,,,18305004,,pfey@northwestern.edu,,,
DBS0266839,[act15]:myc:ptpC_(C649S),DDPHENO:0000753,decreased protein tyrosine phosphatase activity,tyrosine phosphorylation of STATc in increased in the dominant negative mutant of PTP3,,,,,18305004,,pfey@northwestern.edu,,,
DBS0266936,rapgap1-,DDPHENO:0000743,increased protein kinase B signaling,ncreased phosphorylation of PKBR1,,,,,27172998,,pfey@northwestern.edu,,,
DBS0266936,rapgap1-,DDPHENO:0000828,decreased Rap protein signal trunsduction,the null rapgap1 mutant has extended chemoattractant mediated rapA activation and decreased myosin assembly,,,,,18039932,,pfey@northwestern.edu,,,
DBS0266937,rapgap1-/[act15]:GFP:rapgap1,DDPHENO:0000829,increased Rap protein signal transduction,target gene/protein: rapA; decreased rapA-GTP through more RapGap activity leads to increased myosin assembly and effects thus cell adhesion,,,,,18039932,,pfey@northwestern.edu,,,
DBS0267124,plc-,DDPHENO:0000794,decreased protein kinase regulator activity,target gene/protein: pikA; upon cAMP stimulation,,,DDENVIR:0000016,during cAMP stimulation,17898079,,pfey@northwestern.edu,,,
DBS0302352,psrA-,DDPHENO:0001061,increased protein kinase activation,phosphorylation of tyrsine 214 in GSK3,DDASSAY:0000003,biochemical assay,DDENVIR:0000016,during cAMP stimulation,18673380,,pfey@northwestern.edu,,,
DBS0302352,psrA-,DDPHENO:0000762,decreased Ras protein signal transduction,"in cAMP-stimulated prsA- cells, decreased RasC and RasD activation",,,,,26424797,,pfey@northwestern.edu,,,
DBS0302352,psrA-,DDPHENO:0000743,increased protein kinase B signaling,"in prsA- cells, increased phosphorylation (activation) of PKBR1 compared with wt cells",,,,,26424797,,pfey@northwestern.edu,,,
DBS0302352,psrA-,DDPHENO:0000793,increased  protein kinase regulator activity,activation of GSK3,DDASSAY:0000003,biochemical assay,,,18673380,,pfey@northwestern.edu,,,
DBS0302356,psrA-/[act15]:FLAG:gskA,DDPHENO:0000793,increased  protein kinase regulator activity,overexpressing gskA in psrA-null shows consistently higher GSK3 activity as the control.,DDASSAY:0000003,biochemical assay,,,18673380,,pfey@northwestern.edu,,,
DBS0302357,psrA-/[act15]:gskA(K84M/K85M),DDPHENO:0000743,increased protein kinase B signaling,"in psrA- cells expressing dominant negative GSK3 and stimulated with cAMP, significantly increased PKBA and PKBR1 activation",,,DDENVIR:0000016,during cAMP stimulation,18673380,,pfey@northwestern.edu,,,
DBS0302448,epnA-,DDPHENO:0000795,abolished protein phosphorylation,the ENTH domain of epsin is essential for Hip1R phosphorylation,DDASSAY:0000038,Êimmunoblotting,,,17971415,,pfey@northwestern.edu,,,
DBS0302474,epnA-/[act15]:epnA(R65A/K78A):GFP,DDPHENO:0000795,abolished protein kinase regulator activity,fails to restore HipA phosphorylation,,,,,15800059,,pfey@northwestern.edu,,,
DBS0302524,sodC-,DDPHENO:0000743,increased protein kinase B signaling,"in sodC- cells, increased PKB activation",,,,,18768936,,pfey@northwestern.edu,,,
DBS0302524,sodC-,DDPHENO:0000761,aberrant Ras protein signal transduction,"in sodC- cells under medium containing 2mM MgSO4, higher level of Ras activity is partially restored",,,,,27919433,,pfey@northwestern.edu,,,
DBS0302524,sodC-,DDPHENO:0000762,decreased Ras protein signal transduction,"higher basal level of ras activity and rasG protein level, but lower up-regulation following stimulation with conditioned medium",,,,,18768936,,pfey@northwestern.edu,,,
DBS0302655,cnrN-,DDPHENO:0000777,abolished G protein-coupled chemorepellent receptor signaling pathway,"cnrN controls chemorepulsion and null mutant does not chemorepulse in the presence of AprA, in comparison to wild type",,,,,23555023,,pfey@northwestern.edu,,,
DBS0302679,gca-/sgcA-,DDPHENO:0000761,aberrant Ras protein signal transduction,"in sgcA-/gcA- cells, confinement of Ras activation to membrane region at source of cAMP stimulation is abolished",,,DDENVIR:0000016,during cAMP stimulation,23886948,,pfey@northwestern.edu,,,
DBS0302680,gpbC-,DDPHENO:0000757,abolished STAT signaling pathway,"in gbpC- cells treated with 8-bromo-cGMP, abolished STATc phosphorylation compared with wt",,,,,20159963,,pfey@northwestern.edu,,,
DBS0304633,nfaA-,DDPHENO:0000761,aberrant Ras protein signal transduction,"in nfaA- cells, normal initial transient Ras response, but significant defects inducing Ras activation at upgradient half of cell (symmetry breaking) and lack of confinement of Ras activation to membrane region at which cAMP stimulus is localized",,,DDENVIR:0000016,during cAMP stimulation,23886948,,pfey@northwestern.edu,,,
DBS0304633,nfaA-,DDPHENO:0000743,increased protein kinase B signaling,"In nfaA null mutants, activation of PkbA is delayed and prolonged",,,,,18948008,,pfey@northwestern.edu,,,
DBS0304633,nfaA-,DDPHENO:0000761,aberrant Ras protein signal transduction,the nfaA- mutant leads to spatially and temporarally unregulated Ras activity having an effct on cytokinesis and chemotaxis,,,,,18948008,,pfey@northwestern.edu,,,
DBS0304633,nfaA-,DDPHENO:0000741,aberrant protein kinase B signaling,"In nfaA null mutants, activation of PkbA is delayed and prolonged",,,,,18948008,,pfey@northwestern.edu,,,
DBS0304637,piaA-,DDPHENO:0000744,abolished protein kinase B signaling,Phosphorylation of PKBR1 (pkgB) is abolished in piaA-,,,,,18635356,,pfey@northwestern.edu,,,
DBS0304968,gefQ-,DDPHENO:0000828,decreased Rap protein signal trunsduction,50% reduction in rapA activation at poles of dividing cells,,,,,25298405,,pfey@northwestern.edu,,,
DBS0305977,atg9-,DDPHENO:0000814,decreased ubiquitin-dependent protein catabolic process,"in atg9- cells, increase in cellular protein ubiquitinylation and nearly complete loss of proteasomal activity; rescued by CdcD expression",,,,,23056506,,pfey@northwestern.edu,,,
DBS0305977,atg9-,DDPHENO:0000812,abolished proteasomal protein catabolic process,nearly complete loss of proteasomal activity; rescued by CdcD expression,,,,,23056506,,pfey@northwestern.edu,,,
DBS0349789,dotA-,DDPHENO:0000732,abolished histone H3K79 methyltransferase activity,also confirmed by immunofluorescence using a specific H3K79me2 Ab,DDASSAY:0000030,Western blot,,,21187070,,pfey@northwestern.edu,,,
DBS0349797,zak2-,DDPHENO:0000794,decreased protein kinase regulator activity,reduced activation of GSK3,DDASSAY:0000003,biochemical assay,,,21205787,,pfey@northwestern.edu,,,
DBS0349871,[RNAi]lkb1,DDPHENO:0000794,decreased protein kinase regulator activity,regulates GskA stimulated with cAMP for 4 hours,DDASSAY:0000003,biochemical assay,DDENVIR:0000016,during cAMP stimulation,22020250,,pfey@northwestern.edu,,,
DBS0349876,pkbA-,DDPHENO:0000818,increased regulation of MAPK cascade,"in pkbA- cells stimulated with 150 microM polyphosphate, increased erkA phosphorylation",,,DDENVIR:0000080,in the presence of extracellular polyphosphate,28584190,,pfey@northwestern.edu,,,
DBS0349879,piaA-,DDPHENO:0000742,decreased protein kinase B signaling,"in piaA- cells, decreased PKBR1 and PKBA phosphorylation",,,,,19763972,,pfey@northwestern.edu,,,
DBS0349879,piaA-,DDPHENO:0000764,abolished Ras protein signal transduction,"in piaA- cells, abolished cAMP-phosphorylation of DG1105 (ScaA)",,,,,20493808,,pfey@northwestern.edu,,,
DBS0349879,piaA-,DDPHENO:0000775,decreased G protein-coupled chemorepellent receptor signaling pathway,"piaA null mutant cells do not chemorepulse in the presence of AprA, in comparison to wild type",,,,,30462573,,pfey@northwestern.edu,,,
DBS0349879,piaA-,DDPHENO:0000763,increased Ras protein signal transduction,"in piaA- cells, increase in both basal and cAMP-induced RasC activity",,,,,20493808,,pfey@northwestern.edu,,,
DBS0349879,piaA-,DDPHENO:0000742,decreased protein kinase B signaling,"Target gene/protein: pkbA
using anti-phosphospecific PKB substrate antibodies that recognize R-X-R-X-X-S/T-X-X in a phosphorylation-dependent manner",DDASSAY:0000030,Western blot,,,21169559,,pfey@northwestern.edu,,,
DBS0349886,pten-/pkgB-,DDPHENO:0000743,increased protein kinase B signaling,"target gene/protein: pkbA
similar to pten- phenotype; using anti-phosphospecific PKB substrate antibodies that recognize R-X-R-X-X-S/T-X-X in a phosphorylation-dependent manner",DDASSAY:0000030,Western blot,,,21169559,,pfey@northwestern.edu,,,
DBS0350074,grlB-,DDPHENO:0000774,aberrant G protein-coupled chemorepellent receptor signaling pathway,grlB- cells are insensitive to AprA-induced chemorepulsion,,,,,29440579,,pfey@northwestern.edu,,,
DBS0350131,splB-,DDPHENO:0000724,abolished protein tyrosine kinase activity,"n splB- cells, abolished tyrosine phosphorylation of STATc",DDASSAY:0000030,Western blot,,,22699506,,pfey@northwestern.edu,,,
DBS0350132,act15]:myc:splB,DDPHENO:0000724,abolished protein tyrosine kinase activity,"in SplB OE cells, increased tyrosine phosphorylation of STATc",DDASSAY:0000030,Western blot,,,22699506,,pfey@northwestern.edu,,,
DBS0350226,grlH-,DDPHENO:0000150,abolished chemorepellant activity,"G protein coupled receptor for aprA, grlH null cells move toward the chemorepellant AprA, compared with wt cells which move away from AprA",,,,,29440579,,pfey@northwestern.edu,,,
DBS0350226,grlH-,DDPHENO:0000761,aberrant Ras protein signal transduction,"in grlH- cells, abolished Ras activation at the cell cortex",,,,,30462573,,pfey@northwestern.edu,,,
DBS0350227,grlD-,DDPHENO:0000775,decreased G protein-coupled chemorepellent receptor signaling pathway,"grlD- cells move toward the chemorepellant AprA, compared with wt cells which move away from AprA",,,,,29440579,,pfey@northwestern.edu,,,
DBS0350230,fslB-,DDPHENO:0000774,aberrant G protein-coupled chemorepellent receptor signaling pathway,fslB- cells are insensitive to AprA-induced chemorepulsion,,,,,29440579,,pfey@northwestern.edu,,,
DBS0350232,fscE-,DDPHENO:0000775,decreased G protein-coupled chemorepellent receptor signaling pathway,"fscE- cells move toward the chemorepellant AprA, compared with wt cells which move away from AprA",,,,,29440579,,pfey@northwestern.edu,,,
DBS0350258,"[unk]:rapA(G12V)	",DDPHENO:0000827,aberrant Rap protein signal trunsdauction,"in constitutively active RapA cells, active Rac patches are highly motile and grow to an unusually large size",,,,,23363311,,pfey@northwestern.edu,,,
DBS0350268,gxcT-,DDPHENO:0000761,aberrant Ras protein signal transduction,Ras activation was not well directed toward the cAMP gradient,,,DDENVIR:0000016,during cAMP stimulation,24248334,,pfey@northwestern.edu,,,
DBS0350270,pikI-,DDPHENO:0000742,decreased protein kinase B signaling,"in pikI- cells, decreased activaton of both PKBA and PKBR1",,,DDENVIR:0000016,during cAMP stimulation,24485835,,pfey@northwestern.edu,,,
DBS0350271,racE-,DDPHENO:0000742,decreased protein kinase B signaling,"in racE- cells, decreased PKBR1 and PKBA phosphorylation",,,DDENVIR:0000016,during cAMP stimulation,31263268,,pfey@northwestern.edu,,,
DBS0350271,racE-,DDPHENO:0000761,aberrant Ras protein signal transduction,"in racE- cells, Ras activation was not well directed toward the cAMP gradient",,,DDENVIR:0000016,during cAMP stimulation,24248334,,pfey@northwestern.edu,,,
DBS0350272,racC-,DDPHENO:0000775,decreased G protein-coupled chemorepellent receptor signaling pathway,"racC null mutant cells do not chemorepulse in the presence of AprA, in comparison to wild type",,,,,30462573,,pfey@northwestern.edu,,,
DBS0350281,pakD-,DDPHENO:0000775,decreased G protein-coupled chemorepellent receptor signaling pathway,"pakD null mutant cells do not chemorepulse in the presence of AprA, in comparison to wild type",,,,,24797076,,pfey@northwestern.edu,,,
DBS0350304,psenA-/psenB-,DDPHENO:0000814,decreased ubiquitin-dependent protein catabolic process,"in psenA-/psenB- cells, 46% increase in high MW ubiquitinated proteins compared with wt; rescued by both proteolytically active and inactive versions of PsenB",,,,,30806144,,pfey@northwestern.edu,,,
DBS0350304,psenA-/psenB-,DDPHENO:0001106,decreased lysosomal protein degradation,the psenA-/psenB-- mutant has stronly reduced phagolysosome degradation can be rescued by both proteolytically active and inactive versions of PsenB,,,,,30806144,,pfey@northwestern.edu,,,
DBS0350308,cnrF-,DDPHENO:0000823,aberrant Rab protein signal transduction,"target gene/protein: rab11A
significant increase in the ratio of active Rab11aGTP / inactive Rab11aGDP having an affect on osmo regulation",DDASSAY:0000045,immune precipitation,,,24335649,,pfey@northwestern.edu,,,
DBS0350310,cnrF-/cnrF(R270A),DDPHENO:0000825,increased Rab protein signal transduction,"target gene/protein: rab11A
significant increase in the ratio of active Rab11aGTP / inactive Rab11aGDP having an affect on osmo regulation",DDASSAY:0000045,immune precipitation,,,24335649,,pfey@northwestern.edu,,,
DBS0350311,cnrF-/cnrF(E623Q/D659Q),DDPHENO:0000825,increased Rab protein signal transduction,"target gene/protein: rab11A
significant increase in the ratio of active Rab11aGTP / inactive Rab11aGDP having an affect on osmo regulation",DDASSAY:0000045,immune precipitation,,,24335649,,pfey@northwestern.edu,,,
DBS0350312,p2xA-,DDPHENO:0000824,decreased Rab protein signal transduction,"target gene/protein: rab11A
significant decrease in the ratio of Rab11aGTP / Rab11aGDP compared to wt and downstream effects on vesicle fusin on CV",DDASSAY:0000045,immune precipitation,,,24335649,,pfey@northwestern.edu,,,
DBS0350333,[act15]:cnrF:GFP,DDPHENO:0000823,aberrant Rab protein signal transduction,"target gene/protein: rab11A
significant decrease in the ratio of Rab11aGTP/Rab11aGDP compared to wt",DDASSAY:0000045,immune precipitation,,,24335649,,pfey@northwestern.edu,,,
DBS0350401,rgaA-/gapA-,DDPHENO:0000743,increased protein kinase B signaling,"target gene/protein: pkbA
in rgaA-/gapA- cells, both elevated PKB activation and extended duration of activation",,,,,20375144,,pfey@northwestern.edu,,,
DBS0350402,rgaA-/iqgC-,DDPHENO:0000743,increased protein kinase B signaling,"target gene/protein: pkbA
both elevated PKB activation and extended duration of activation",,,,,20375144,,pfey@northwestern.edu,,,
DBS0350403,gapA-/iqgC-,DDPHENO:0000742,decreased protein kinase B signaling,"lower level of PKB activation, but slightly extended activation profile",,,,,20375144,,pfey@northwestern.edu,,,
DBS0350406,rgaA-/gapA-/[unk]:myc:gapA(R308E/K317E),DDPHENO:0000743,increased protein kinase B signaling,target gene/protein: pkbA,,,,,20375144,,pfey@northwestern.edu,,,
DBS0350417,[act15]:myc:ptpC,DDPHENO:0001067,aberrant cellular hyperosmotic response,in PtpC OE cells in sorbitol AdcA remains phosphorylated for an extended time and does get dephosphorylated icompared to wt,,,,,24267687,,pfey@northwestern.edu,,,
DBS0350425,dstC-,DDPHENO:0001067,aberrant cellular hyperosmotic response,in dstC- cells AdcA remains phosphorylated for an extended time compared to wt,,,,,24267687,,pfey@northwestern.edu,,,
DBS0350445,adcC-/adcB-,DDPHENO:0000739,aberrant regulation of MAPK cascade,"in adcC-/adcB- cells, shorter period of transient ErkB activity compared to wt",,,,,25143405,,pfey@northwestern.edu,,,
DBS0350446,ndrC-,DDPHENO:0000763,increased Ras protein signal transduction,increased levels of activated RasB and RasG compared with wt cells,DDASSAY:0000030,Western blot,,,24986648,,pfey@northwestern.edu,,,
DBS0350448,rasG-/[dscB]:rasG(S17N),DDPHENO:0000742,decreased protein kinase B signaling,target gene/protein: pkbA,,,,,15534002,,pfey@northwestern.edu,,,
DBS0350448,rasG-/[dscB]:rasG(S17N),DDPHENO:0000762,decreased Ras protein signal transduction,defective Ras signaling,,,,,15534002,,pfey@northwestern.edu,,,
DBS0350449,gefA-/[dscB]:rasG(S17N),DDPHENO:0000762,decreased Ras protein signal transduction,"in gefA- cells, the level of Ras activation is more reduced than in gefA- cells and compared with wt cells",,,,,15534002,,pfey@northwestern.edu,,,
DBS0350449,gefA-/[dscB]:rasG(S17N),DDPHENO:0000794,decreased protein kinase regulator activity,"target gene/protein: pikA; decreased compared to wt, and with a larger decrease than gefA-",,,,,15534002,,pfey@northwestern.edu,,,
DBS0350568,"carA-/carC-/[act15]:carA(261-359;S299A,S302G,S303G,S304G,S308A,S324G,S325A,S331A)(369-392;S383A,S385A)",DDPHENO:0000789,aberrant adenylate cyclase activator activity,"rapid activation of ACA activity, but activity remains elevated instead of adapting and returning to basal levels as in wt",,,,,23902692,,pfey@northwestern.edu,,,
DBS0350570,[AS]PARP,DDPHENO:0000772,decreased programmed cell death,involved in paraptotic cell death,,,DDENVIR:0000063,during chimeric development,24129923,,pfey@northwestern.edu,,,
DBS0350570,[AS]PARP,DDPHENO:0000772,decreased programmed cell death,involved in paraptotic cell death,,,DDENVIR:0000063,during chimeric development,24129923,,pfey@northwestern.edu,,,
DBS0350576,[unk]:mhkC(1-498),DDPHENO:0000736,abolished myosin heavy chain kinase activity,"in MHCK cells lacking the WD domain, abolished phosphorylation of myosin II heavy chain (mhcA)",,,,,20008082,,pfey@northwestern.edu,,,
DBS0350577,pyk3-,DDPHENO:0000759,decreased regulation of STAT signaling pathway,"pyk3- cells treated with 200 mM sorbitol, decreased STATC phosphorylation",,,,,24587195,,pfey@northwestern.edu,,,
DBS0350578,phg2- ,DDPHENO:0000759,decreased regulation of STAT signaling pathway,"in phg2- cells treated with 200 mM sorbitol, decreased STATC phosphorylation",,,,,24587195,,pfey@northwestern.edu,,,
DBS0350579,pyk3-/phg2-,DDPHENO:0000759,decreased regulation of STAT signaling pathway,"in pyk3-/phg2- cells treated with 200 mM sorbitol, decreased STATC phosphorylation",,,,,24587195,,pfey@northwestern.edu,,,
DBS0350580,phg2-/[act15]:myc:ptpC ,DDPHENO:0000758,aberrant regulation of STAT signaling pathway,"in phg2- cells over expressing Myc-PTP3 stimulated with 200 mM sorbitol, abolished phosphorylation of PtpC S747 compared to wt cells",,,,,24587195,,pfey@northwestern.edu,,,
DBS0350581,pyk3-,DDPHENO:0000725,decreased protein tyrosine kinase activity,"pyk3- cells treated with 200 mM sorbitol, decreased STATC phosphorylation",DDASSAY:0000030,Western blot,,,25143406,,pfey@northwestern.edu,,,
DBS0350582,splB-/pyk3-,DDPHENO:0000724,abolished protein tyrosine kinase activity,"in splB-/pyk3- cells treated with 200 mM sorbitol, abolished STATC phosphorylation",DDASSAY:0000030,Western blot,,,25143406,,pfey@northwestern.edu,,,
DBS0350608,gpaD-/[act15]:gpaD(Q200L),DDPHENO:0000817,decreased regulation of MAPK cascade,target gene/protein: ERK2,,,,,19765570,,pfey@northwestern.edu,,,
DBS0350622,erkA-,DDPHENO:0000775,decreased G protein-coupled chemorepellent receptor signaling pathway,"erkA null mutant cells do not chemorepulse in the presence of AprA, in comparison to wild type",,,,,30462573,,pfey@northwestern.edu,,,
DBS0350622,erkA-,DDPHENO:0000795,abolished protein kinase regulator activity,"in erkA- cells stimulated with 150 microM polyphosphate, abolished phosphorylation of PkgB",,,DDENVIR:0000080,in the presence of extracellular polyphosphate,28584190,,pfey@northwestern.edu,,,
DBS0350628,rapgapB-,DDPHENO:0000823,aberrant Rap protein signal transduction,"in rapgapB- cells, maximal level of rapA-GTP  is greater than in wt cells; activated rapA levels persisted after 1 minute, compared with deactivation in wt cells target gene/protein: rapA",,,,,19126673,,pfey@northwestern.edu,,,
DBS0350717,far1-,DDPHENO:0000817,decreased regulation of MAPK cascade,"in folic acid stimulated far1- cells, decreased Erk2 activation compared with wt cells; restored by Far1 expression",,,DDENVIR:0000049,during folate stimulation,26906738,,pfey@northwestern.edu,,,
DBS0350717,far1-,DDPHENO:0000817,decreased regulation of MAPK cascade,"in far1- cells stimulated with lipopolysaccharide, decreased ErkB activation compared with wt cells",,,,,29799847,,pfey@northwestern.edu,,,
DBS0350730,tipD-,DDPHENO:0000811,decreased proteasomal protein catabolic process,in tipD- (atg16-) cells 41% decrease in proteasomal activity compared to wt,,,,,30669443,,pfey@northwestern.edu,,,
DBS0350730,tipD-,DDPHENO:0000815,abolished ubiquitin-dependent protein catabolic process,26% increase in ubiquitinated proteins compared to wt ,,,,,30669443,,pfey@northwestern.edu,,,
DBS0350730,tipD-,DDPHENO:0000804,decreased autophagosome maturation,strongly decreased autolysosome maturation,,,,,30669443,,pfey@northwestern.edu,,,
DBS0350733,"acaA-/[unk]:acaA(V427I,S642F)",DDPHENO:0000790,decreased adenylate cyclase activator activity,strongly reduced ACA activity in the mutated ACA genealso with GTPGammaS,,,,,7559391,,pfey@northwestern.edu,,,
DBS0350740,rasC-/[rasC]:rasG,DDPHENO:0000791,abolished adenylate cyclase activator activity,"no cAMP was produced during cAMP stimulation, thus rasG from rasC promoter does have no ACA activity like the rasC- mutant",,,DDENVIR:0000016,during cAMP stimulation,20971846,,pfey@northwestern.edu,,,
DBS0350741,rasC-/[rasC]:rasG(D30A),DDPHENO:0000790,decreased adenylate cyclase activator activity,"when cells stimulated with cAMP, small aggregates and only low activation of adenylate cyclase ",,,DDENVIR:0000016,during cAMP stimulation,20971846,,pfey@northwestern.edu,,,
DBS0350770,ripA-/[act15]:GFP:rapA(G12V),DDPHENO:0000742,decreased protein kinase B signaling," ripA- cells expressing constitutively active RapA, decreased PKBR1 phosphorylation compared with wt",,,,,27172998,,pfey@northwestern.edu,,,
DBS0350797,pdkA-,DDPHENO:0000742,decreased protein kinase B signaling,decrease in phosphorylation (activation) of both pkbA and pkgB compared with wt; restored by PdkA expression,,,,,20075071,,pfey@northwestern.edu,,,
DBS0350799,pdkA-/pdkB-,DDPHENO:0000742,decreased protein kinase B signaling,decreased phosphorylation (activation) of both pkbA and pkgB compared with wt; restored by pkgA expression,,,,,20075071,,pfey@northwestern.edu,,,
DBS0350806,[act6]:rabS:GFP,DDPHENO:0001265,increased autophagic cell death,increased autophagic death when induced by DIF-1,,,,,29843387,,pfey@northwestern.edu,,,
DBS0350817,pdkA-,DDPHENO:0000742,decreased protein kinase B signaling,"in pdkA- cells stimulated with both folate and cAMP, reduced phosphorylation of both PKBR1 and PKB",,,DDENVIR:0000016,during cAMP stimulation,20200230,,pfey@northwestern.edu,,,
DBS0350821,gefA-,DDPHENO:0000762,decreased Ras protein signal transduction,"in gefA- cells responding to cAMP, almost complete absence of RasC activation",,,,,20493808,,pfey@northwestern.edu,,,
DBS0350821,gefA-,DDPHENO:0000742,decreased protein kinase B signaling,"in gefA- cells responding to cAMP, decreased protein kinase B activation",,,,,20493808,,pfey@northwestern.edu,,,
DBS0350821,gefE-,DDPHENO:0000762,decreased Ras protein signal transduction,"in gefA- cells responding to cAMP, almost complete absence of RasC activation",,,DDENVIR:0000016,during cAMP stimulation,20493808,,pfey@northwestern.edu,,,
DBS0350821,gefE-,DDPHENO:0000742,decreased protein kinase B signaling,"n gefA- cells responding to cAMP, decreased protein kinase B activation",,,DDENVIR:0000016,during cAMP stimulation,20493808,,pfey@northwestern.edu,,,
DBS0350822,gefH-,DDPHENO:0000762,decreased Ras protein signal transduction,"in gefH- cells responding to cAMP, decreased RasC activation",,,DDENVIR:0000016,during cAMP stimulation,20493808,,pfey@northwestern.edu,,,
DBS0350822,gefH-,DDPHENO:0000742,decreased protein kinase B signaling,"in gefH- cells responding to cAMP, decreased protein kinase B activation",,,DDENVIR:0000016,during cAMP stimulation,20493808,,pfey@northwestern.edu,,,
DBS0350823,gefH-/gefA-,DDPHENO:0000762,decreased Ras protein signal transduction,"n gefH-/gefA- cells responding to cAMP, abolished RasC activation",,,DDENVIR:0000016,during cAMP stimulation,20493808,,pfey@northwestern.edu,,,
DBS0350823,gefH-/gefA-,DDPHENO:0000742,decreased protein kinase B signaling,"in gefH-/gefA- cells responding to cAMP, decreased protein kinase B activation",,,DDENVIR:0000016,during cAMP stimulation,20493808,,pfey@northwestern.edu,,,
DBS0350825,scaA-,DDPHENO:0000762,decreased Ras protein signal transduction,"in scaA- cells responding to cAMP, abolished RasC activation",,,,,204938808,,pfey@northwestern.edu,,,
DBS0350825,scaA-,DDPHENO:0000742,decreased protein kinase B signaling,"in scaA- cells responding to cAMP, decreased protein kinase B activation",,,DDENVIR:0000016,during cAMP stimulation,204938808,,pfey@northwestern.edu,,,
DBS0350829,psrA-/[unk]:FLAG:rasD(G12T),DDPHENO:0000743,increased protein kinase B signaling,"in prsA- cells expressing constitutively active rasD, increased phosphorylation(activation) of PKBA compared with wt cells",,,,,26424797,,pfey@northwestern.edu,,,
DBS0350863,rapgap3-/KAX3,DDPHENO:0000827,aberrantd Rap protein signal transduction,"in rapgap3- cells at 12 hrs. development, higher level of activated RapA (RapA-GTP) compared with decreased level in wt",,,,,19284976,,pfey@northwestern.edu,,,
DBS0350877,piaA(G917D)/hephA-,DDPHENO:0000790,decreased adenylate cyclase activator activity,nearly no GPCR-linked ACA stimulation that causes a cyclical sharp cAMP increase compared to wild type,DDASSAY:0000003,biochemical assay,DDENVIR:0000016,during cAMP stimulation,28049717,,pfey@northwestern.edu,,,
DBS0350906,sepA-,DDPHENO:0000766,decreased protein kinase activity,"in sepA- cells, SCAR phosphorylation was substantially diminished",,,,,32745097,,pfey@northwestern.edu,,,
DBS0350916,pkcA-,DDPHENO:0000775,decreased G protein-coupled chemorepellent receptor signaling pathway,"pkcA null mutant cells do not chemorepulse in the presence of AprA, in comparison to wild type",,,,,30462573,,pfey@northwestern.edu,,,
DBS0350922,[dscB]:dicA(1-278),DDPHENO:0000771,increased programmed cell death,"significantly decreased viability, only 12% of cells were viable after 3 days",,,,,10601339,,pfey@northwestern.edu,,,
DBS0351061,ngap-,DDPHENO:0000763,increased Ras protein signal transduction,"in ngap- cells, cAMP stimuation triggers an intitial transient Ras activation, followed by a prolonged 2nd Ras activation",,,DDENVIR:0000016,during cAMP stimulation,29109256,,pfey@northwestern.edu,,,
DBS0351061,ngap-,DDPHENO:0000743,increased protein kinase B signaling,"in ngap- (c2gap2A-) cells stimulated with cAMP, prolonged PKBR1 phosphorylation",,,DDENVIR:0000016,during cAMP stimulation,29109256,,pfey@northwestern.edu,,,
DBS0351061,ngap-,DDPHENO:0000741,aberrant protein kinase B signaling,"in ngap- (c2gap2A-) cells stimulated with cAMP, prolonged PKBR1 phosphorylation",,,DDENVIR:0000016,during cAMP stimulation,29109256,,pfey@northwestern.edu,,,
DBS0351063,sodC-/[unk]:rasG(C118A),DDPHENO:0000762,decreased Ras protein signal transduction,"in cAMP stimulated cells, significantly lower basal ras activity",,,DDENVIR:0000016,during cAMP stimulation,15189986,,pfey@northwestern.edu,,,
DBS0351067,araA-,DDPHENO:0000793,increased protein kinase regulator activity,,,,,,28847951,,pfey@northwestern.edu,,,
DBS0351070,dspA-,DDPHENO:0000749,decreased phosphatase activity,stronly increased protein kinase B activity compared to wild type,,,,,28847951,,pfey@northwestern.edu,,,
DBS0351084,tnlA/tnlB-REMI,DDPHENO:0000793,increased protein kinase regulator activity,Strongly increased protein kinase B activation compared to wt,,,,,28847951,,pfey@northwestern.edu,,,
DBS0351092,[AS]aif,DDPHENO:0001440,increased programmed necrotic cell death,"when treated with 0.03 mM hydrogen peroxide, aif antisense cells exhibit necrotic cell death compared with paraptosis in wt cells",,,,,27663234,,pfey@northwestern.edu,,,
DBS0351092,[AS]aif,DDPHENO:0001440,increased programmed necrotic cell death,"when treated with 0.03 mM hydrogen peroxide, aif antisense cells exhibit necrotic cell death compared with paraptosis in wt cells",,,,,27663234,,pfey@northwestern.edu,,,
DBS0351092,[AS]aif,DDPHENO:0001440,increased programmed necrotic cell death,"when treated with 0.03 mM hydrogen peroxide, aif antisense cells exhibit necrotic cell death compared with paraptosis in wt cells",,,,,27663234,,pfey@northwestern.edu,,,
DBS0351101,glkA-,DDPHENO:0000837,increased small GTPase mediated signal transduction,"in glkA- cells, increased and extended activation of rapA and rasG",,,,,29355521,,pfey@northwestern.edu,,,
DBS0351101,glkA-,DDPHENO:0000743,increased protein kinase B signaling,"in glkA- cells, prolonged activation of kinase Akt/PKB, but not of the related kinase PKBR1",,,,,29355521,,pfey@northwestern.edu,,,
DBS0351102,gskA-/glkA-,DDPHENO:0000743,increased protein kinase B signaling,"in gskA-/glkA- cells, prolonged activation of kinase Akt/PKB, but not of the related kinase PKBR1",,,,,29355521,,pfey@northwestern.edu,,,
DBS0351194,pdeD-,DDPHENO:0000763,increased Ras protein signal transduction,"in pdeD- cells stimulated with cAMP, increased basal level of both activated RasC and RasG and extended duration of activation compared with wt",,,DDENVIR:0000016,during cAMP stimulation,29626371,,pfey@northwestern.edu,,,
DBS0351195,dct-,DDPHENO:0000763,increased Ras protein signal transduction,"in dct- cells stimulated with cAMP, increased basal level of activated RasC and extended duration of activation compared with wt",,,DDENVIR:0000016,during cAMP stimulation,29626371,,pfey@northwestern.edu,,,
DBS0351196,sogA-,DDPHENO:0000763,increased Ras protein signal transduction,"in sogA- cells stimulated with cAMP, increased basal level of activated RasC and extended duration of activation compared with wt",,,DDENVIR:0000016,during cAMP stimulation,29626371,,pfey@northwestern.edu,,,
DBS0351206,pirA-/pirA(K193D/R194D):EGFP,DDPHENO:0000800,increased GTPase activator activity,decreased Scar phosphorylation,DDASSAY:0000030,Western blot,,,32745097,,pfey@northwestern.edu,,,
DBS0351212,[act15]:rasG(S17N),DDPHENO:0000761,aberrant Ras protein signal transduction,"in dominant negative RasG cells, 50% reduction in initial uniform response, defects inducing Ras activation at the upgradient half of the cell (symmetry breaking) and no final confinement of Ras activation to utmost leading edge",,,DDENVIR:0000016,during cAMP stimulation,23886948,,pfey@northwestern.edu,,,
DBS0351213,rasC-[act15]:rasG(S17N),DDPHENO:0000764,abolished Ras protein signal transduction,RasC null cells expressing dominant negative rasG have essentially abolished Ras activation,,,,,23886948,,pfey@northwestern.edu,,,
DBS0351214,gpaB-/[act15]:rasG(S17N),DDPHENO:0000764,abolished Ras protein signal transduction,"in gpaB null cells expressing dominant negative RasG, abolished Ras activation",,,,,23886948,,pfey@northwestern.edu,,,
DBS0351222,atg8a-,DDPHENO:0000814,decreased ubiquitin-dependent protein catabolic process,"in atg8a- cells, increased total of ubiquitinylated proteins and approx. 60% decrease in proteasomal activity",,,,,28413119,,pfey@northwestern.edu,,,
DBS0351222,atg8a-,DDPHENO:0000811,decreased proteasomal protein catabolic process,"in atg8a- cells, approx. 60% decrease in proteasomal activity",,,,,28413119,,pfey@northwestern.edu,,,
DBS0351224,atg8a-/atg8b-,DDPHENO:0000814,decreased ubiquitin-dependent protein catabolic process,"in atg8a-/atg8b- cells, increased total ubiquitinylated proteins and approx. 40% decrease in proteasomal activity",,,,,28413119,,pfey@northwestern.edu,,,
DBS0351224,atg8a-/atg8b-,DDPHENO:0000811,decreased proteasomal protein catabolic process,"in atg8a-/atg8b- cells, approx. 40% decrease in proteasomal activity",,,,,28413119,,pfey@northwestern.edu,,,
DBS0351228,act15]:T7:rasG(G12T),DDPHENO:0001481,aberrant actin cytoskeleton organization,"in activated RasG cells, increased tyrosine phosphorylation of actin",,,,,10906762,,pfey@northwestern.edu,,,
DBS0351232,atg12-,DDPHENO:0000811,decreased proteasomal protein catabolic process,"in atg12- cells, 26% increase in ubiquitinated proteins compared with wt and 50% decrease in proteasomal activity compared with wt",,,,,30669443,,pfey@northwestern.edu,,,
DBS0351232,atg12-,DDPHENO:0001257,decreased catalytic activity,"in atg12- cells, 50% decrease in proteasomal activity compared with wt",,,,,30669443,,pfey@northwestern.edu,,,
DBS0351232,atg12-,DDPHENO:0000804,decreased of autophagosome maturation,significantly decreased autolysosome maturation,,,,,30669443,,pfey@northwestern.edu,,,
DBS0351233,atg12-/tipD-,DDPHENO:0000811,decreased proteasomal protein catabolic process,"in tipD-/atg12- cells, 46% increase in ubiquitinated proteins compared with wt",,,,,30669443,,pfey@northwestern.edu,,,
DBS0351233,atg12-/tipD-,DDPHENO:0000804,decreased of autophagosome maturation,strongly decreased autolysosome maturation,,,,,30669443,,pfey@northwestern.edu,,,
DBS0351258,gpbA-/[act15]:gpbA(V88A/F229S/D235V),DDPHENO:0000790,decreased adenylate cyclase activator activity,decreased adenylate cyclase  activity in the presence of G protein activator GTPGammaS compared to wild type,,,DDENVIR:0000016,during cAMP stimulation,9763454,,pfey@northwestern.edu,,,
DBS0351259,gpbA-/[act15]:gpbA(N147D/H149R/N237S),DDPHENO:0000790,decreased adenylate cyclase activator activity,decreased adenylate cyclase  activity in the presence of G protein activator GTPGammaS compared to wild type,,,DDENVIR:0000016,during cAMP stimulation,9763454,,pfey@northwestern.edu,,,
DBS0351260,gpbA-/[act15]:gpbA(A99T/Y271H/C335M,DDPHENO:0000790,decreased adenylate cyclase activator activity,decreased adenylate cyclase  activity in the presence of G protein activator GTPGammaS compared to wild type,,,DDENVIR:0000016,during cAMP stimulation,9763454,,pfey@northwestern.edu,,,
DBS0351261,gpbA-/[act15]:gpbA(M30V/K85R/S104P/Q163H),DDPHENO:0000790,decreased adenylate cyclase activator activity,decreased adenylate cyclase  activity in the presence of G protein activator GTPGammaS compared to wild type,,,DDENVIR:0000016,during cAMP stimulation,9763454,,pfey@northwestern.edu,,,
DBS0351262,gpbA-/[act15]:gpbA(S196G/V199D/C211R),DDPHENO:0000790,decreased adenylate cyclase activator activity,decreased adenylate cyclase  activity in the presence of G protein activator GTPGammaS compared to wild type,,,DDENVIR:0000016,during cAMP stimulation,9763454,,pfey@northwestern.edu,,,
DBS0351263,gpbA-/[act15]:gpbA(M48T/I52T/E310G),DDPHENO:0000790,decreased adenylate cyclase activator activity,decreased adenylate cyclase  activity at 22C and 27 C compared to wild type,,,DDENVIR:0000016,during cAMP stimulation,9724643,,pfey@northwestern.edu,,,
DBS0351264,gpbA-/[act15]:gpbA(R13G/N74S/S79P/H149R/V178A/V194R/F293L),DDPHENO:0000790,decreased adenylate cyclase activator activity,decreased adenylate cyclase  activity in the presence of G protein activator GTPGammaS compared to wild type,,,DDENVIR:0000016,during cAMP stimulation,9763454,,pfey@northwestern.edu,,,
DBS0351290,[tre]:drkA:myc,DDPHENO:0000726,increased protein tyrosine kinase activity,"in DrkA OE cells, increase phosphorylation of STATa (DstA) on residue Tyr702",,,DDENVIR:0000016,during cAMP stimulation,31002205,,pfey@northwestern.edu,,,
DBS0351296,erkB-,DDPHENO:0000347,abolished protein kinase activity,"in erkB-, abolished phosphorylation at pPR motif of core set of proteins involved in chemotaxis",,,DDENVIR:0000049,during folate stimulation,30612939,,pfey@northwestern.edu,,,
DBS0351348,racE-/[act15]:GFP:racE(G20V),DDPHENO:0000742,decreased protein kinase B signaling,racE(G20V) cells fail to rescue racE- phenotype of decreased phosporylation of PkbA and PkbR1 ,,,DDENVIR:0000016,during cAMP stimulation,31263268,,pfey@northwestern.edu,,,
DBS0351349,racE-/[act15]:GFP:racE(G23V),DDPHENO:0000743,increased protein kinase B signaling,racE(G23V) expressed in racE- cells have increased phosphorylation of PkbA and PkbR1,,,DDENVIR:0000016,during cAMP stimulation,31263268,,pfey@northwestern.edu,,,
DBS0351350,racE-/[act15]:GFP:racE(S192D),DDPHENO:0000743,increased protein kinase B signaling,racE(S192D) expressed in racE- cells have increased phosporylation of PkbA and PkbR1 compared with wt,,,DDENVIR:0000016,during cAMP stimulation,31263268,,pfey@northwestern.edu,,,
DBS0351351,racE-/[act15]:GFP:rasC(Q62L),DDPHENO:0000742,decreased protein kinase B signaling,"activated, GTP-bound rasC(Q62L) cells require racE to phosphorylate PkbA and PkbR1",,,DDENVIR:0000016,during cAMP stimulation,31263268,,pfey@northwestern.edu,,,
DBS0351357,aph1-,DDPHENO:0000814,decreased ubiquitin-dependent protein catabolic process,"in aph1- cells, 55% increase in high MW ubiquitinated proteins compared with wt ",,,,,30806144,,pfey@northwestern.edu,,,
DBS0351357,aph1-,DDPHENO:0001106,decreased lysosomal protein degradation,the aph1- mutant has stronly reduced phagolysosome degradation,,,,,30806144,,pfey@northwestern.edu,,,
DBS0351367,myoB-/[act15]:myoB(S332A),DDPHENO:0001027,aberrant pseudopodium formation,"in S332A-myoB cells, abolished myoB phosphorylation",,,DDENVIR:0000016,during cAMP stimulation,10906762,,pfey@northwestern.edu,,,
DBS0351486,c2gapB-,DDPHENO:0000763,increased Ras protein signal transduction,"in c2gapB- cells, significantly elevated Ras activity",,,,,30322942,,pfey@northwestern.edu,,,
DBS0351487,rapgap3-,DDPHENO:0000763,increased Ras protein signal transduction,"in rapgap3- cells, significantly elevated Ras activity",,,,,30194235,,pfey@northwestern.edu,,,
DBS0351496,[act15]:rasD(S17N),DDPHENO:0000818,increased regulation of MAPK cascade,"in cells overexpressing dominant negative rasD(S17N), more rapid and extended level of Erk2 activation than observed in wt ",,,DDENVIR:0000016,during cAMP stimulation,9020088,,pfey@northwestern.edu,,,
DBS0351497,[act15]:rasD(Q61L),DDPHENO:0000817,decreased regulation of MAPK cascade,"in cells overexpressing constitutively active rasD(Q61L), substantially reduced and slightly delayed Erk2 activation compared with wt",,,DDENVIR:0000016,during cAMP stimulation,9020088,,pfey@northwestern.edu,,,
DBS0351526,rgbA-/AX2,DDPHENO:0000835,aberrant small GTPase mediated signal transduction,"in rgbA- cells, both active Ras and active Rac are restricted to inside the cup rim, compared with active Rac recruitment to the protrusive edge in AX2",,,,,32531280,,pfey@northwestern.edu,,,
DBS0351527,rgbA-/DdB,DDPHENO:0000761,aberrant Ras protein signal transduction,"in rgbA-/DdB cells, average active Ras domain size encompassed 55% of the cell perimeter, compared with 28% for DdB cells",,,,,32531280,,pfey@northwestern.edu,,,
DBS0351582,atg5-,DDPHENO:0000814,decreased ubiquitin-dependent protein catabolic process,"in atg5- cells, ~3 to 4 X increase in amount of ubiquitinated proteins and many large ubiquitin-positive protein aggregates compared with wt and 90% decrease in proteasomal activity compared with wt",,,,,32397394,,pfey@northwestern.edu,,,
DBS0351582,atg5-,DDPHENO:0000811,decreased proteasomal protein catabolic process,"in atg5- cells, 90% decrease in proteasomal activity compared with wt",,,,,32397394,,pfey@northwestern.edu,,,
DBS0351583,atg5-/atg12-,DDPHENO:0000814,decreased ubiquitin-dependent protein catabolic process,"in atg5-/atg12- cells, ~3 to 4 X increase in amount of ubiquitinated proteins and many large ubiquitin-positive protein aggregates compared with wt and 90% decrease in proteasomal activity compared with wt",,,,,32397394,,pfey@northwestern.edu,,,
DBS0351583,atg5-/atg12-,DDPHENO:0000811,decreased proteasomal protein catabolic process,"in atg5-/atg12- cells, 90% decrease in proteasomal activity compared with wt",,,,,32397394,,pfey@northwestern.edu,,,
DBS0351584,atg5-/atg12-/tipD-,DDPHENO:0000814,decreased ubiquitin-dependent protein catabolic process,"in atg5-/atg12-/tipD- cells, ~2.5 X increase in amount of ubiquitinated proteins and many large ubiquitin-positive protein aggregates compared with wt and 90% decrease in proteasomal activity compared with wt",,,,,32397394,,pfey@northwestern.edu,,,
DBS0351584,atg5-/atg12-/tipD-,DDPHENO:0000811,decreased proteasomal protein catabolic process,"in atg5-/atg12-/tipD- cells, 50% decrease in proteasomal activity compared with wt",,,,,32397394,,pfey@northwestern.edu,,,
,,,,,,,,,,,,,,
,,,,,,,,,,,,,,
,,,,,,,,,,,,,,
,,,,,,,,,,,,,,
,,,,,,,,,,,,,,
,,,,,,,,,,,,,,